Classifier,Method,Unigrams,Negation,Class,Recall,Precision
MaxentClassifier,1step,ngram1,negtnFalse,Neg,0.715254237,0.651234568
MaxentClassifier,1step,ngram1,negtnFalse,Neg,0.722222222,0.670487106
MaxentClassifier,1step,ngram1,negtnFalse,Neg,0.717171717,0.630177515
MaxentClassifier,1step,ngram1,negtnFalse,Neg,0.764119601,0.666666667
MaxentClassifier,1step,ngram1,negtnFalse,Neg,0.717171717,0.659442724
MaxentClassifier,1step,ngram1,negtnFalse,Neg,0.763250883,0.642857143
MaxentClassifier,1step,ngram1,negtnFalse,Neg,0.775167785,0.639889197
MaxentClassifier,1step,ngram1,negtnFalse,Neg,0.759878419,0.651041667
MaxentClassifier,1step,ngram1,negtnFalse,Neg,0.764119601,0.651558074
MaxentClassifier,1step,ngram1,negtnFalse,Neg,0.698360656,0.645454545
MaxentClassifier,1step,ngram1,negtnTrue,Neg,0.715254237,0.678456592
MaxentClassifier,1step,ngram1,negtnTrue,Neg,0.688271605,0.686153846
MaxentClassifier,1step,ngram1,negtnTrue,Neg,0.683501684,0.656957929
MaxentClassifier,1step,ngram1,negtnTrue,Neg,0.754152824,0.689969605
MaxentClassifier,1step,ngram1,negtnTrue,Neg,0.68013468,0.682432432
MaxentClassifier,1step,ngram1,negtnTrue,Neg,0.717314488,0.6485623
MaxentClassifier,1step,ngram1,negtnTrue,Neg,0.734899329,0.66163142
MaxentClassifier,1step,ngram1,negtnTrue,Neg,0.744680851,0.708092486
MaxentClassifier,1step,ngram1,negtnTrue,Neg,0.724252492,0.662613982
MaxentClassifier,1step,ngram1,negtnTrue,Neg,0.672131148,0.681063123
MaxentClassifier,1step,ngram3,negtnFalse,Neg,0.718644068,0.656346749
MaxentClassifier,1step,ngram3,negtnFalse,Neg,0.731481481,0.688953488
MaxentClassifier,1step,ngram3,negtnFalse,Neg,0.7003367,0.652037618
MaxentClassifier,1step,ngram3,negtnFalse,Neg,0.747508306,0.70754717
MaxentClassifier,1step,ngram3,negtnFalse,Neg,0.713804714,0.688311688
MaxentClassifier,1step,ngram3,negtnFalse,Neg,0.692579505,0.678200692
MaxentClassifier,1step,ngram3,negtnFalse,Neg,0.731543624,0.658610272
MaxentClassifier,1step,ngram3,negtnFalse,Neg,0.717325228,0.696165192
MaxentClassifier,1step,ngram3,negtnFalse,Neg,0.747508306,0.663716814
MaxentClassifier,1step,ngram3,negtnFalse,Neg,0.668852459,0.682274247
MaxentClassifier,1step,ngram3,negtnTrue,Neg,0.705084746,0.673139159
MaxentClassifier,1step,ngram3,negtnTrue,Neg,0.697530864,0.697530864
MaxentClassifier,1step,ngram3,negtnTrue,Neg,0.68013468,0.655844156
MaxentClassifier,1step,ngram3,negtnTrue,Neg,0.737541528,0.69375
MaxentClassifier,1step,ngram3,negtnTrue,Neg,0.683501684,0.692832765
MaxentClassifier,1step,ngram3,negtnTrue,Neg,0.706713781,0.666666667
MaxentClassifier,1step,ngram3,negtnTrue,Neg,0.751677852,0.67673716
MaxentClassifier,1step,ngram3,negtnTrue,Neg,0.741641337,0.711370262
MaxentClassifier,1step,ngram3,negtnTrue,Neg,0.740863787,0.67781155
MaxentClassifier,1step,ngram3,negtnTrue,Neg,0.695081967,0.704318937
MaxentClassifier,2step,ngram1,negtnFalse,Neg,0.774691358,0.624378109
MaxentClassifier,2step,ngram1,negtnFalse,Neg,0.774691358,0.624378109
MaxentClassifier,2step,ngram1,negtnFalse,Neg,0.774691358,0.624378109
MaxentClassifier,2step,ngram1,negtnFalse,Neg,0.774691358,0.624378109
MaxentClassifier,2step,ngram1,negtnFalse,Neg,0.774691358,0.624378109
MaxentClassifier,2step,ngram1,negtnFalse,Neg,0.774691358,0.624378109
MaxentClassifier,2step,ngram1,negtnFalse,Neg,0.774691358,0.624378109
MaxentClassifier,2step,ngram1,negtnFalse,Neg,0.774691358,0.624378109
MaxentClassifier,2step,ngram1,negtnFalse,Neg,0.774691358,0.624378109
MaxentClassifier,2step,ngram1,negtnFalse,Neg,0.774691358,0.624378109
MaxentClassifier,2step,ngram1,negtnTrue,Neg,0.737654321,0.64075067
MaxentClassifier,2step,ngram1,negtnTrue,Neg,0.737654321,0.64075067
MaxentClassifier,2step,ngram1,negtnTrue,Neg,0.737654321,0.64075067
MaxentClassifier,2step,ngram1,negtnTrue,Neg,0.737654321,0.64075067
MaxentClassifier,2step,ngram1,negtnTrue,Neg,0.737654321,0.64075067
MaxentClassifier,2step,ngram1,negtnTrue,Neg,0.737654321,0.64075067
MaxentClassifier,2step,ngram1,negtnTrue,Neg,0.737654321,0.64075067
MaxentClassifier,2step,ngram1,negtnTrue,Neg,0.737654321,0.64075067
MaxentClassifier,2step,ngram1,negtnTrue,Neg,0.737654321,0.64075067
MaxentClassifier,2step,ngram1,negtnTrue,Neg,0.737654321,0.64075067
MaxentClassifier,2step,ngram3,negtnFalse,Neg,0.762345679,0.658666667
MaxentClassifier,2step,ngram3,negtnFalse,Neg,0.762345679,0.658666667
MaxentClassifier,2step,ngram3,negtnFalse,Neg,0.762345679,0.658666667
MaxentClassifier,2step,ngram3,negtnFalse,Neg,0.762345679,0.658666667
MaxentClassifier,2step,ngram3,negtnFalse,Neg,0.762345679,0.658666667
MaxentClassifier,2step,ngram3,negtnFalse,Neg,0.762345679,0.658666667
MaxentClassifier,2step,ngram3,negtnFalse,Neg,0.762345679,0.658666667
MaxentClassifier,2step,ngram3,negtnFalse,Neg,0.762345679,0.658666667
MaxentClassifier,2step,ngram3,negtnFalse,Neg,0.762345679,0.658666667
MaxentClassifier,2step,ngram3,negtnFalse,Neg,0.762345679,0.658666667
MaxentClassifier,2step,ngram3,negtnTrue,Neg,0.731481481,0.649315068
MaxentClassifier,2step,ngram3,negtnTrue,Neg,0.731481481,0.649315068
MaxentClassifier,2step,ngram3,negtnTrue,Neg,0.731481481,0.649315068
MaxentClassifier,2step,ngram3,negtnTrue,Neg,0.731481481,0.649315068
MaxentClassifier,2step,ngram3,negtnTrue,Neg,0.731481481,0.649315068
MaxentClassifier,2step,ngram3,negtnTrue,Neg,0.731481481,0.649315068
MaxentClassifier,2step,ngram3,negtnTrue,Neg,0.731481481,0.649315068
MaxentClassifier,2step,ngram3,negtnTrue,Neg,0.731481481,0.649315068
MaxentClassifier,2step,ngram3,negtnTrue,Neg,0.731481481,0.649315068
MaxentClassifier,2step,ngram3,negtnTrue,Neg,0.731481481,0.649315068
NaiveBayesClassifier,1step,ngram1,negtnFalse,Neg,0.725423729,0.622093023
NaiveBayesClassifier,1step,ngram1,negtnFalse,Neg,0.734567901,0.64498645
NaiveBayesClassifier,1step,ngram1,negtnFalse,Neg,0.727272727,0.642857143
NaiveBayesClassifier,1step,ngram1,negtnFalse,Neg,0.790697674,0.674220963
NaiveBayesClassifier,1step,ngram1,negtnFalse,Neg,0.707070707,0.63253012
NaiveBayesClassifier,1step,ngram1,negtnFalse,Neg,0.734982332,0.63030303
NaiveBayesClassifier,1step,ngram1,negtnFalse,Neg,0.761744966,0.635854342
NaiveBayesClassifier,1step,ngram1,negtnFalse,Neg,0.781155015,0.644110276
NaiveBayesClassifier,1step,ngram1,negtnFalse,Neg,0.750830565,0.656976744
NaiveBayesClassifier,1step,ngram1,negtnFalse,Neg,0.708196721,0.640949555
NaiveBayesClassifier,1step,ngram1,negtnTrue,Neg,0.73220339,0.666666667
NaiveBayesClassifier,1step,ngram1,negtnTrue,Neg,0.719135802,0.675362319
NaiveBayesClassifier,1step,ngram1,negtnTrue,Neg,0.676767677,0.659016393
NaiveBayesClassifier,1step,ngram1,negtnTrue,Neg,0.777408638,0.686217009
NaiveBayesClassifier,1step,ngram1,negtnTrue,Neg,0.67003367,0.658940397
NaiveBayesClassifier,1step,ngram1,negtnTrue,Neg,0.699646643,0.634615385
NaiveBayesClassifier,1step,ngram1,negtnTrue,Neg,0.731543624,0.648809524
NaiveBayesClassifier,1step,ngram1,negtnTrue,Neg,0.756838906,0.676630435
NaiveBayesClassifier,1step,ngram1,negtnTrue,Neg,0.707641196,0.657407407
NaiveBayesClassifier,1step,ngram1,negtnTrue,Neg,0.691803279,0.674121406
NaiveBayesClassifier,1step,ngram3,negtnFalse,Neg,0.718644068,0.650306748
NaiveBayesClassifier,1step,ngram3,negtnFalse,Neg,0.740740741,0.683760684
NaiveBayesClassifier,1step,ngram3,negtnFalse,Neg,0.703703704,0.657232704
NaiveBayesClassifier,1step,ngram3,negtnFalse,Neg,0.750830565,0.678678679
NaiveBayesClassifier,1step,ngram3,negtnFalse,Neg,0.730639731,0.678125
NaiveBayesClassifier,1step,ngram3,negtnFalse,Neg,0.692579505,0.651162791
NaiveBayesClassifier,1step,ngram3,negtnFalse,Neg,0.728187919,0.655589124
NaiveBayesClassifier,1step,ngram3,negtnFalse,Neg,0.744680851,0.684357542
NaiveBayesClassifier,1step,ngram3,negtnFalse,Neg,0.744186047,0.649275362
NaiveBayesClassifier,1step,ngram3,negtnFalse,Neg,0.701639344,0.697068404
NaiveBayesClassifier,1step,ngram3,negtnTrue,Neg,0.708474576,0.676375405
NaiveBayesClassifier,1step,ngram3,negtnTrue,Neg,0.725308642,0.687134503
NaiveBayesClassifier,1step,ngram3,negtnTrue,Neg,0.7003367,0.673139159
NaiveBayesClassifier,1step,ngram3,negtnTrue,Neg,0.76744186,0.683431953
NaiveBayesClassifier,1step,ngram3,negtnTrue,Neg,0.703703704,0.674193548
NaiveBayesClassifier,1step,ngram3,negtnTrue,Neg,0.685512367,0.655405405
NaiveBayesClassifier,1step,ngram3,negtnTrue,Neg,0.748322148,0.665671642
NaiveBayesClassifier,1step,ngram3,negtnTrue,Neg,0.756838906,0.689750693
NaiveBayesClassifier,1step,ngram3,negtnTrue,Neg,0.740863787,0.686153846
NaiveBayesClassifier,1step,ngram3,negtnTrue,Neg,0.701639344,0.701639344
NaiveBayesClassifier,2step,ngram1,negtnFalse,Neg,0.740740741,0.653950954
NaiveBayesClassifier,2step,ngram1,negtnFalse,Neg,0.740740741,0.653950954
NaiveBayesClassifier,2step,ngram1,negtnFalse,Neg,0.740740741,0.653950954
NaiveBayesClassifier,2step,ngram1,negtnFalse,Neg,0.740740741,0.653950954
NaiveBayesClassifier,2step,ngram1,negtnFalse,Neg,0.740740741,0.653950954
NaiveBayesClassifier,2step,ngram1,negtnFalse,Neg,0.740740741,0.653950954
NaiveBayesClassifier,2step,ngram1,negtnFalse,Neg,0.740740741,0.653950954
NaiveBayesClassifier,2step,ngram1,negtnFalse,Neg,0.740740741,0.653950954
NaiveBayesClassifier,2step,ngram1,negtnFalse,Neg,0.740740741,0.653950954
NaiveBayesClassifier,2step,ngram1,negtnFalse,Neg,0.740740741,0.653950954
NaiveBayesClassifier,2step,ngram1,negtnTrue,Neg,0.716049383,0.67638484
NaiveBayesClassifier,2step,ngram1,negtnTrue,Neg,0.716049383,0.67638484
NaiveBayesClassifier,2step,ngram1,negtnTrue,Neg,0.716049383,0.67638484
NaiveBayesClassifier,2step,ngram1,negtnTrue,Neg,0.716049383,0.67638484
NaiveBayesClassifier,2step,ngram1,negtnTrue,Neg,0.716049383,0.67638484
NaiveBayesClassifier,2step,ngram1,negtnTrue,Neg,0.716049383,0.67638484
NaiveBayesClassifier,2step,ngram1,negtnTrue,Neg,0.716049383,0.67638484
NaiveBayesClassifier,2step,ngram1,negtnTrue,Neg,0.716049383,0.67638484
NaiveBayesClassifier,2step,ngram1,negtnTrue,Neg,0.716049383,0.67638484
NaiveBayesClassifier,2step,ngram1,negtnTrue,Neg,0.716049383,0.67638484
NaiveBayesClassifier,2step,ngram3,negtnFalse,Neg,0.725308642,0.683139535
NaiveBayesClassifier,2step,ngram3,negtnFalse,Neg,0.725308642,0.683139535
NaiveBayesClassifier,2step,ngram3,negtnFalse,Neg,0.725308642,0.683139535
NaiveBayesClassifier,2step,ngram3,negtnFalse,Neg,0.725308642,0.683139535
NaiveBayesClassifier,2step,ngram3,negtnFalse,Neg,0.725308642,0.683139535
NaiveBayesClassifier,2step,ngram3,negtnFalse,Neg,0.725308642,0.683139535
NaiveBayesClassifier,2step,ngram3,negtnFalse,Neg,0.725308642,0.683139535
NaiveBayesClassifier,2step,ngram3,negtnFalse,Neg,0.725308642,0.683139535
NaiveBayesClassifier,2step,ngram3,negtnFalse,Neg,0.725308642,0.683139535
NaiveBayesClassifier,2step,ngram3,negtnFalse,Neg,0.725308642,0.683139535
NaiveBayesClassifier,2step,ngram3,negtnTrue,Neg,0.703703704,0.684684685
NaiveBayesClassifier,2step,ngram3,negtnTrue,Neg,0.703703704,0.684684685
NaiveBayesClassifier,2step,ngram3,negtnTrue,Neg,0.703703704,0.684684685
NaiveBayesClassifier,2step,ngram3,negtnTrue,Neg,0.703703704,0.684684685
NaiveBayesClassifier,2step,ngram3,negtnTrue,Neg,0.703703704,0.684684685
NaiveBayesClassifier,2step,ngram3,negtnTrue,Neg,0.703703704,0.684684685
NaiveBayesClassifier,2step,ngram3,negtnTrue,Neg,0.703703704,0.684684685
NaiveBayesClassifier,2step,ngram3,negtnTrue,Neg,0.703703704,0.684684685
NaiveBayesClassifier,2step,ngram3,negtnTrue,Neg,0.703703704,0.684684685
NaiveBayesClassifier,2step,ngram3,negtnTrue,Neg,0.703703704,0.684684685
MaxentClassifier,1step,ngram1,negtnFalse,Neu,0.88630491,0.834549878
MaxentClassifier,1step,ngram1,negtnFalse,Neu,0.862745098,0.814814815
MaxentClassifier,1step,ngram1,negtnFalse,Neu,0.886740331,0.825192802
MaxentClassifier,1step,ngram1,negtnFalse,Neu,0.856079404,0.860349127
MaxentClassifier,1step,ngram1,negtnFalse,Neu,0.860526316,0.829949239
MaxentClassifier,1step,ngram1,negtnFalse,Neu,0.873417722,0.860349127
MaxentClassifier,1step,ngram1,negtnFalse,Neu,0.88976378,0.84962406
MaxentClassifier,1step,ngram1,negtnFalse,Neu,0.874269006,0.816939891
MaxentClassifier,1step,ngram1,negtnFalse,Neu,0.87371134,0.845386534
MaxentClassifier,1step,ngram1,negtnFalse,Neu,0.882666667,0.8275
MaxentClassifier,1step,ngram1,negtnTrue,Neu,0.888888889,0.836982968
MaxentClassifier,1step,ngram1,negtnTrue,Neu,0.868347339,0.813648294
MaxentClassifier,1step,ngram1,negtnTrue,Neu,0.886740331,0.814720812
MaxentClassifier,1step,ngram1,negtnTrue,Neu,0.863523573,0.861386139
MaxentClassifier,1step,ngram1,negtnTrue,Neu,0.865789474,0.826633166
MaxentClassifier,1step,ngram1,negtnTrue,Neu,0.873417722,0.864661654
MaxentClassifier,1step,ngram1,negtnTrue,Neu,0.895013123,0.846153846
MaxentClassifier,1step,ngram1,negtnTrue,Neu,0.877192982,0.808625337
MaxentClassifier,1step,ngram1,negtnTrue,Neu,0.87371134,0.8475
MaxentClassifier,1step,ngram1,negtnTrue,Neu,0.893333333,0.823095823
MaxentClassifier,1step,ngram3,negtnFalse,Neu,0.88372093,0.857142857
MaxentClassifier,1step,ngram3,negtnFalse,Neu,0.87394958,0.816753927
MaxentClassifier,1step,ngram3,negtnFalse,Neu,0.895027624,0.848167539
MaxentClassifier,1step,ngram3,negtnFalse,Neu,0.875930521,0.86097561
MaxentClassifier,1step,ngram3,negtnFalse,Neu,0.886842105,0.8425
MaxentClassifier,1step,ngram3,negtnFalse,Neu,0.896202532,0.878411911
MaxentClassifier,1step,ngram3,negtnFalse,Neu,0.895013123,0.865482234
MaxentClassifier,1step,ngram3,negtnFalse,Neu,0.885964912,0.810160428
MaxentClassifier,1step,ngram3,negtnFalse,Neu,0.886597938,0.864321608
MaxentClassifier,1step,ngram3,negtnFalse,Neu,0.896,0.833746898
MaxentClassifier,1step,ngram3,negtnTrue,Neu,0.88372093,0.842364532
MaxentClassifier,1step,ngram3,negtnTrue,Neu,0.87394958,0.81038961
MaxentClassifier,1step,ngram3,negtnTrue,Neu,0.889502762,0.827763496
MaxentClassifier,1step,ngram3,negtnTrue,Neu,0.878411911,0.857142857
MaxentClassifier,1step,ngram3,negtnTrue,Neu,0.889473684,0.83046683
MaxentClassifier,1step,ngram3,negtnTrue,Neu,0.886075949,0.868486352
MaxentClassifier,1step,ngram3,negtnTrue,Neu,0.905511811,0.858208955
MaxentClassifier,1step,ngram3,negtnTrue,Neu,0.888888889,0.817204301
MaxentClassifier,1step,ngram3,negtnTrue,Neu,0.87628866,0.852130326
MaxentClassifier,1step,ngram3,negtnTrue,Neu,0.893333333,0.827160494
MaxentClassifier,2step,ngram1,negtnFalse,Neu,0.691876751,0.932075472
MaxentClassifier,2step,ngram1,negtnFalse,Neu,0.691876751,0.932075472
MaxentClassifier,2step,ngram1,negtnFalse,Neu,0.691876751,0.932075472
MaxentClassifier,2step,ngram1,negtnFalse,Neu,0.691876751,0.932075472
MaxentClassifier,2step,ngram1,negtnFalse,Neu,0.691876751,0.932075472
MaxentClassifier,2step,ngram1,negtnFalse,Neu,0.691876751,0.932075472
MaxentClassifier,2step,ngram1,negtnFalse,Neu,0.691876751,0.932075472
MaxentClassifier,2step,ngram1,negtnFalse,Neu,0.691876751,0.932075472
MaxentClassifier,2step,ngram1,negtnFalse,Neu,0.691876751,0.932075472
MaxentClassifier,2step,ngram1,negtnFalse,Neu,0.691876751,0.932075472
MaxentClassifier,2step,ngram1,negtnTrue,Neu,0.694677871,0.918518519
MaxentClassifier,2step,ngram1,negtnTrue,Neu,0.694677871,0.918518519
MaxentClassifier,2step,ngram1,negtnTrue,Neu,0.694677871,0.918518519
MaxentClassifier,2step,ngram1,negtnTrue,Neu,0.694677871,0.918518519
MaxentClassifier,2step,ngram1,negtnTrue,Neu,0.694677871,0.918518519
MaxentClassifier,2step,ngram1,negtnTrue,Neu,0.694677871,0.918518519
MaxentClassifier,2step,ngram1,negtnTrue,Neu,0.694677871,0.918518519
MaxentClassifier,2step,ngram1,negtnTrue,Neu,0.694677871,0.918518519
MaxentClassifier,2step,ngram1,negtnTrue,Neu,0.694677871,0.918518519
MaxentClassifier,2step,ngram1,negtnTrue,Neu,0.694677871,0.918518519
MaxentClassifier,2step,ngram3,negtnFalse,Neu,0.753501401,0.927586207
MaxentClassifier,2step,ngram3,negtnFalse,Neu,0.753501401,0.927586207
MaxentClassifier,2step,ngram3,negtnFalse,Neu,0.753501401,0.927586207
MaxentClassifier,2step,ngram3,negtnFalse,Neu,0.753501401,0.927586207
MaxentClassifier,2step,ngram3,negtnFalse,Neu,0.753501401,0.927586207
MaxentClassifier,2step,ngram3,negtnFalse,Neu,0.753501401,0.927586207
MaxentClassifier,2step,ngram3,negtnFalse,Neu,0.753501401,0.927586207
MaxentClassifier,2step,ngram3,negtnFalse,Neu,0.753501401,0.927586207
MaxentClassifier,2step,ngram3,negtnFalse,Neu,0.753501401,0.927586207
MaxentClassifier,2step,ngram3,negtnFalse,Neu,0.753501401,0.927586207
MaxentClassifier,2step,ngram3,negtnTrue,Neu,0.725490196,0.918439716
MaxentClassifier,2step,ngram3,negtnTrue,Neu,0.725490196,0.918439716
MaxentClassifier,2step,ngram3,negtnTrue,Neu,0.725490196,0.918439716
MaxentClassifier,2step,ngram3,negtnTrue,Neu,0.725490196,0.918439716
MaxentClassifier,2step,ngram3,negtnTrue,Neu,0.725490196,0.918439716
MaxentClassifier,2step,ngram3,negtnTrue,Neu,0.725490196,0.918439716
MaxentClassifier,2step,ngram3,negtnTrue,Neu,0.725490196,0.918439716
MaxentClassifier,2step,ngram3,negtnTrue,Neu,0.725490196,0.918439716
MaxentClassifier,2step,ngram3,negtnTrue,Neu,0.725490196,0.918439716
MaxentClassifier,2step,ngram3,negtnTrue,Neu,0.725490196,0.918439716
NaiveBayesClassifier,1step,ngram1,negtnFalse,Neu,0.824289406,0.878787879
NaiveBayesClassifier,1step,ngram1,negtnFalse,Neu,0.795518207,0.850299401
NaiveBayesClassifier,1step,ngram1,negtnFalse,Neu,0.837016575,0.880813953
NaiveBayesClassifier,1step,ngram1,negtnFalse,Neu,0.811414392,0.895890411
NaiveBayesClassifier,1step,ngram1,negtnFalse,Neu,0.815789474,0.870786517
NaiveBayesClassifier,1step,ngram1,negtnFalse,Neu,0.817721519,0.889807163
NaiveBayesClassifier,1step,ngram1,negtnFalse,Neu,0.818897638,0.896551724
NaiveBayesClassifier,1step,ngram1,negtnFalse,Neu,0.798245614,0.866666667
NaiveBayesClassifier,1step,ngram1,negtnFalse,Neu,0.81185567,0.877437326
NaiveBayesClassifier,1step,ngram1,negtnFalse,Neu,0.84,0.870165746
NaiveBayesClassifier,1step,ngram1,negtnTrue,Neu,0.821705426,0.878453039
NaiveBayesClassifier,1step,ngram1,negtnTrue,Neu,0.803921569,0.854166667
NaiveBayesClassifier,1step,ngram1,negtnTrue,Neu,0.837016575,0.880813953
NaiveBayesClassifier,1step,ngram1,negtnTrue,Neu,0.813895782,0.901098901
NaiveBayesClassifier,1step,ngram1,negtnTrue,Neu,0.823684211,0.8767507
NaiveBayesClassifier,1step,ngram1,negtnTrue,Neu,0.812658228,0.889196676
NaiveBayesClassifier,1step,ngram1,negtnTrue,Neu,0.82152231,0.894285714
NaiveBayesClassifier,1step,ngram1,negtnTrue,Neu,0.795321637,0.869009585
NaiveBayesClassifier,1step,ngram1,negtnTrue,Neu,0.81185567,0.875
NaiveBayesClassifier,1step,ngram1,negtnTrue,Neu,0.84,0.875
NaiveBayesClassifier,1step,ngram3,negtnFalse,Neu,0.857881137,0.912087912
NaiveBayesClassifier,1step,ngram3,negtnFalse,Neu,0.829131653,0.870588235
NaiveBayesClassifier,1step,ngram3,negtnFalse,Neu,0.867403315,0.897142857
NaiveBayesClassifier,1step,ngram3,negtnFalse,Neu,0.82630273,0.890374332
NaiveBayesClassifier,1step,ngram3,negtnFalse,Neu,0.844736842,0.884297521
NaiveBayesClassifier,1step,ngram3,negtnFalse,Neu,0.843037975,0.907356948
NaiveBayesClassifier,1step,ngram3,negtnFalse,Neu,0.850393701,0.907563025
NaiveBayesClassifier,1step,ngram3,negtnFalse,Neu,0.830409357,0.865853659
NaiveBayesClassifier,1step,ngram3,negtnFalse,Neu,0.845360825,0.906077348
NaiveBayesClassifier,1step,ngram3,negtnFalse,Neu,0.853333333,0.893854749
NaiveBayesClassifier,1step,ngram3,negtnTrue,Neu,0.842377261,0.898071625
NaiveBayesClassifier,1step,ngram3,negtnTrue,Neu,0.831932773,0.868421053
NaiveBayesClassifier,1step,ngram3,negtnTrue,Neu,0.850828729,0.89017341
NaiveBayesClassifier,1step,ngram3,negtnTrue,Neu,0.816377171,0.896457766
NaiveBayesClassifier,1step,ngram3,negtnTrue,Neu,0.85,0.897222222
NaiveBayesClassifier,1step,ngram3,negtnTrue,Neu,0.837974684,0.904371585
NaiveBayesClassifier,1step,ngram3,negtnTrue,Neu,0.850393701,0.905027933
NaiveBayesClassifier,1step,ngram3,negtnTrue,Neu,0.821637427,0.86996904
NaiveBayesClassifier,1step,ngram3,negtnTrue,Neu,0.835051546,0.892561983
NaiveBayesClassifier,1step,ngram3,negtnTrue,Neu,0.856,0.886740331
NaiveBayesClassifier,2step,ngram1,negtnFalse,Neu,0.81232493,0.855457227
NaiveBayesClassifier,2step,ngram1,negtnFalse,Neu,0.81232493,0.855457227
NaiveBayesClassifier,2step,ngram1,negtnFalse,Neu,0.81232493,0.855457227
NaiveBayesClassifier,2step,ngram1,negtnFalse,Neu,0.81232493,0.855457227
NaiveBayesClassifier,2step,ngram1,negtnFalse,Neu,0.81232493,0.855457227
NaiveBayesClassifier,2step,ngram1,negtnFalse,Neu,0.81232493,0.855457227
NaiveBayesClassifier,2step,ngram1,negtnFalse,Neu,0.81232493,0.855457227
NaiveBayesClassifier,2step,ngram1,negtnFalse,Neu,0.81232493,0.855457227
NaiveBayesClassifier,2step,ngram1,negtnFalse,Neu,0.81232493,0.855457227
NaiveBayesClassifier,2step,ngram1,negtnFalse,Neu,0.81232493,0.855457227
NaiveBayesClassifier,2step,ngram1,negtnTrue,Neu,0.820728291,0.834757835
NaiveBayesClassifier,2step,ngram1,negtnTrue,Neu,0.820728291,0.834757835
NaiveBayesClassifier,2step,ngram1,negtnTrue,Neu,0.820728291,0.834757835
NaiveBayesClassifier,2step,ngram1,negtnTrue,Neu,0.820728291,0.834757835
NaiveBayesClassifier,2step,ngram1,negtnTrue,Neu,0.820728291,0.834757835
NaiveBayesClassifier,2step,ngram1,negtnTrue,Neu,0.820728291,0.834757835
NaiveBayesClassifier,2step,ngram1,negtnTrue,Neu,0.820728291,0.834757835
NaiveBayesClassifier,2step,ngram1,negtnTrue,Neu,0.820728291,0.834757835
NaiveBayesClassifier,2step,ngram1,negtnTrue,Neu,0.820728291,0.834757835
NaiveBayesClassifier,2step,ngram1,negtnTrue,Neu,0.820728291,0.834757835
NaiveBayesClassifier,2step,ngram3,negtnFalse,Neu,0.845938375,0.845938375
NaiveBayesClassifier,2step,ngram3,negtnFalse,Neu,0.845938375,0.845938375
NaiveBayesClassifier,2step,ngram3,negtnFalse,Neu,0.845938375,0.845938375
NaiveBayesClassifier,2step,ngram3,negtnFalse,Neu,0.845938375,0.845938375
NaiveBayesClassifier,2step,ngram3,negtnFalse,Neu,0.845938375,0.845938375
NaiveBayesClassifier,2step,ngram3,negtnFalse,Neu,0.845938375,0.845938375
NaiveBayesClassifier,2step,ngram3,negtnFalse,Neu,0.845938375,0.845938375
NaiveBayesClassifier,2step,ngram3,negtnFalse,Neu,0.845938375,0.845938375
NaiveBayesClassifier,2step,ngram3,negtnFalse,Neu,0.845938375,0.845938375
NaiveBayesClassifier,2step,ngram3,negtnFalse,Neu,0.845938375,0.845938375
NaiveBayesClassifier,2step,ngram3,negtnTrue,Neu,0.845938375,0.82739726
NaiveBayesClassifier,2step,ngram3,negtnTrue,Neu,0.845938375,0.82739726
NaiveBayesClassifier,2step,ngram3,negtnTrue,Neu,0.845938375,0.82739726
NaiveBayesClassifier,2step,ngram3,negtnTrue,Neu,0.845938375,0.82739726
NaiveBayesClassifier,2step,ngram3,negtnTrue,Neu,0.845938375,0.82739726
NaiveBayesClassifier,2step,ngram3,negtnTrue,Neu,0.845938375,0.82739726
NaiveBayesClassifier,2step,ngram3,negtnTrue,Neu,0.845938375,0.82739726
NaiveBayesClassifier,2step,ngram3,negtnTrue,Neu,0.845938375,0.82739726
NaiveBayesClassifier,2step,ngram3,negtnTrue,Neu,0.845938375,0.82739726
NaiveBayesClassifier,2step,ngram3,negtnTrue,Neu,0.845938375,0.82739726
MaxentClassifier,1step,ngram1,negtnFalse,Pos,0.575757576,0.700819672
MaxentClassifier,1step,ngram1,negtnFalse,Pos,0.587248322,0.694444444
MaxentClassifier,1step,ngram1,negtnFalse,Pos,0.532915361,0.677290837
MaxentClassifier,1step,ngram1,negtnFalse,Pos,0.591240876,0.698275862
MaxentClassifier,1step,ngram1,negtnFalse,Pos,0.594684385,0.685823755
MaxentClassifier,1step,ngram1,negtnFalse,Pos,0.58,0.721991701
MaxentClassifier,1step,ngram1,negtnFalse,Pos,0.508361204,0.697247706
MaxentClassifier,1step,ngram1,negtnFalse,Pos,0.530944625,0.714912281
MaxentClassifier,1step,ngram1,negtnFalse,Pos,0.574394464,0.741071429
MaxentClassifier,1step,ngram1,negtnFalse,Pos,0.553691275,0.665322581
MaxentClassifier,1step,ngram1,negtnTrue,Pos,0.609427609,0.704280156
MaxentClassifier,1step,ngram1,negtnTrue,Pos,0.630872483,0.688644689
MaxentClassifier,1step,ngram1,negtnTrue,Pos,0.5830721,0.676363636
MaxentClassifier,1step,ngram1,negtnTrue,Pos,0.624087591,0.697959184
MaxentClassifier,1step,ngram1,negtnTrue,Pos,0.634551495,0.672535211
MaxentClassifier,1step,ngram1,negtnTrue,Pos,0.606666667,0.684210526
MaxentClassifier,1step,ngram1,negtnTrue,Pos,0.558528428,0.68442623
MaxentClassifier,1step,ngram1,negtnTrue,Pos,0.609120521,0.716475096
MaxentClassifier,1step,ngram1,negtnTrue,Pos,0.619377163,0.718875502
MaxentClassifier,1step,ngram1,negtnTrue,Pos,0.600671141,0.662962963
MaxentClassifier,1step,ngram3,negtnFalse,Pos,0.599326599,0.692607004
MaxentClassifier,1step,ngram3,negtnFalse,Pos,0.604026846,0.711462451
MaxentClassifier,1step,ngram3,negtnFalse,Pos,0.60815047,0.700361011
MaxentClassifier,1step,ngram3,negtnFalse,Pos,0.627737226,0.688
MaxentClassifier,1step,ngram3,negtnFalse,Pos,0.607973422,0.677777778
MaxentClassifier,1step,ngram3,negtnFalse,Pos,0.643333333,0.674825175
MaxentClassifier,1step,ngram3,negtnFalse,Pos,0.575250836,0.679841897
MaxentClassifier,1step,ngram3,negtnFalse,Pos,0.586319218,0.679245283
MaxentClassifier,1step,ngram3,negtnFalse,Pos,0.605536332,0.726141079
MaxentClassifier,1step,ngram3,negtnFalse,Pos,0.604026846,0.652173913
MaxentClassifier,1step,ngram3,negtnTrue,Pos,0.616161616,0.693181818
MaxentClassifier,1step,ngram3,negtnTrue,Pos,0.634228188,0.7
MaxentClassifier,1step,ngram3,negtnTrue,Pos,0.60815047,0.690391459
MaxentClassifier,1step,ngram3,negtnTrue,Pos,0.631386861,0.706122449
MaxentClassifier,1step,ngram3,negtnTrue,Pos,0.627906977,0.679856115
MaxentClassifier,1step,ngram3,negtnTrue,Pos,0.63,0.687272727
MaxentClassifier,1step,ngram3,negtnTrue,Pos,0.575250836,0.702040816
MaxentClassifier,1step,ngram3,negtnTrue,Pos,0.609120521,0.711026616
MaxentClassifier,1step,ngram3,negtnTrue,Pos,0.636678201,0.736
MaxentClassifier,1step,ngram3,negtnTrue,Pos,0.620805369,0.680147059
MaxentClassifier,2step,ngram1,negtnFalse,Pos,0.654362416,0.625
MaxentClassifier,2step,ngram1,negtnFalse,Pos,0.654362416,0.625
MaxentClassifier,2step,ngram1,negtnFalse,Pos,0.654362416,0.625
MaxentClassifier,2step,ngram1,negtnFalse,Pos,0.654362416,0.625
MaxentClassifier,2step,ngram1,negtnFalse,Pos,0.654362416,0.625
MaxentClassifier,2step,ngram1,negtnFalse,Pos,0.654362416,0.625
MaxentClassifier,2step,ngram1,negtnFalse,Pos,0.654362416,0.625
MaxentClassifier,2step,ngram1,negtnFalse,Pos,0.654362416,0.625
MaxentClassifier,2step,ngram1,negtnFalse,Pos,0.654362416,0.625
MaxentClassifier,2step,ngram1,negtnFalse,Pos,0.654362416,0.625
MaxentClassifier,2step,ngram1,negtnTrue,Pos,0.687919463,0.610119048
MaxentClassifier,2step,ngram1,negtnTrue,Pos,0.687919463,0.610119048
MaxentClassifier,2step,ngram1,negtnTrue,Pos,0.687919463,0.610119048
MaxentClassifier,2step,ngram1,negtnTrue,Pos,0.687919463,0.610119048
MaxentClassifier,2step,ngram1,negtnTrue,Pos,0.687919463,0.610119048
MaxentClassifier,2step,ngram1,negtnTrue,Pos,0.687919463,0.610119048
MaxentClassifier,2step,ngram1,negtnTrue,Pos,0.687919463,0.610119048
MaxentClassifier,2step,ngram1,negtnTrue,Pos,0.687919463,0.610119048
MaxentClassifier,2step,ngram1,negtnTrue,Pos,0.687919463,0.610119048
MaxentClassifier,2step,ngram1,negtnTrue,Pos,0.687919463,0.610119048
MaxentClassifier,2step,ngram3,negtnFalse,Pos,0.687919463,0.652866242
MaxentClassifier,2step,ngram3,negtnFalse,Pos,0.687919463,0.652866242
MaxentClassifier,2step,ngram3,negtnFalse,Pos,0.687919463,0.652866242
MaxentClassifier,2step,ngram3,negtnFalse,Pos,0.687919463,0.652866242
MaxentClassifier,2step,ngram3,negtnFalse,Pos,0.687919463,0.652866242
MaxentClassifier,2step,ngram3,negtnFalse,Pos,0.687919463,0.652866242
MaxentClassifier,2step,ngram3,negtnFalse,Pos,0.687919463,0.652866242
MaxentClassifier,2step,ngram3,negtnFalse,Pos,0.687919463,0.652866242
MaxentClassifier,2step,ngram3,negtnFalse,Pos,0.687919463,0.652866242
MaxentClassifier,2step,ngram3,negtnFalse,Pos,0.687919463,0.652866242
MaxentClassifier,2step,ngram3,negtnTrue,Pos,0.697986577,0.626506024
MaxentClassifier,2step,ngram3,negtnTrue,Pos,0.697986577,0.626506024
MaxentClassifier,2step,ngram3,negtnTrue,Pos,0.697986577,0.626506024
MaxentClassifier,2step,ngram3,negtnTrue,Pos,0.697986577,0.626506024
MaxentClassifier,2step,ngram3,negtnTrue,Pos,0.697986577,0.626506024
MaxentClassifier,2step,ngram3,negtnTrue,Pos,0.697986577,0.626506024
MaxentClassifier,2step,ngram3,negtnTrue,Pos,0.697986577,0.626506024
MaxentClassifier,2step,ngram3,negtnTrue,Pos,0.697986577,0.626506024
MaxentClassifier,2step,ngram3,negtnTrue,Pos,0.697986577,0.626506024
MaxentClassifier,2step,ngram3,negtnTrue,Pos,0.697986577,0.626506024
NaiveBayesClassifier,1step,ngram1,negtnFalse,Pos,0.589225589,0.643382353
NaiveBayesClassifier,1step,ngram1,negtnFalse,Pos,0.60738255,0.655797101
NaiveBayesClassifier,1step,ngram1,negtnFalse,Pos,0.617554859,0.661073826
NaiveBayesClassifier,1step,ngram1,negtnFalse,Pos,0.624087591,0.657692308
NaiveBayesClassifier,1step,ngram1,negtnFalse,Pos,0.637873754,0.662068966
NaiveBayesClassifier,1step,ngram1,negtnFalse,Pos,0.633333333,0.666666667
NaiveBayesClassifier,1step,ngram1,negtnFalse,Pos,0.585284281,0.641025641
NaiveBayesClassifier,1step,ngram1,negtnFalse,Pos,0.589576547,0.685606061
NaiveBayesClassifier,1step,ngram1,negtnFalse,Pos,0.640138408,0.672727273
NaiveBayesClassifier,1step,ngram1,negtnFalse,Pos,0.604026846,0.64516129
NaiveBayesClassifier,1step,ngram1,negtnTrue,Pos,0.64983165,0.658703072
NaiveBayesClassifier,1step,ngram1,negtnTrue,Pos,0.651006711,0.651006711
NaiveBayesClassifier,1step,ngram1,negtnTrue,Pos,0.667711599,0.647416413
NaiveBayesClassifier,1step,ngram1,negtnTrue,Pos,0.649635036,0.652014652
NaiveBayesClassifier,1step,ngram1,negtnTrue,Pos,0.681063123,0.642633229
NaiveBayesClassifier,1step,ngram1,negtnTrue,Pos,0.646666667,0.636065574
NaiveBayesClassifier,1step,ngram1,negtnTrue,Pos,0.595317726,0.609589041
NaiveBayesClassifier,1step,ngram1,negtnTrue,Pos,0.651465798,0.673400673
NaiveBayesClassifier,1step,ngram1,negtnTrue,Pos,0.660899654,0.649659864
NaiveBayesClassifier,1step,ngram1,negtnTrue,Pos,0.667785235,0.652459016
NaiveBayesClassifier,1step,ngram3,negtnFalse,Pos,0.636363636,0.653979239
NaiveBayesClassifier,1step,ngram3,negtnFalse,Pos,0.657718121,0.680555556
NaiveBayesClassifier,1step,ngram3,negtnFalse,Pos,0.661442006,0.680645161
NaiveBayesClassifier,1step,ngram3,negtnFalse,Pos,0.638686131,0.645756458
NaiveBayesClassifier,1step,ngram3,negtnFalse,Pos,0.667774086,0.681355932
NaiveBayesClassifier,1step,ngram3,negtnFalse,Pos,0.67,0.648387097
NaiveBayesClassifier,1step,ngram3,negtnFalse,Pos,0.635451505,0.655172414
NaiveBayesClassifier,1step,ngram3,negtnFalse,Pos,0.628664495,0.660958904
NaiveBayesClassifier,1step,ngram3,negtnFalse,Pos,0.647058824,0.6900369
NaiveBayesClassifier,1step,ngram3,negtnFalse,Pos,0.701342282,0.667731629
NaiveBayesClassifier,1step,ngram3,negtnTrue,Pos,0.676767677,0.654723127
NaiveBayesClassifier,1step,ngram3,negtnTrue,Pos,0.67114094,0.677966102
NaiveBayesClassifier,1step,ngram3,negtnTrue,Pos,0.689655172,0.681114551
NaiveBayesClassifier,1step,ngram3,negtnTrue,Pos,0.656934307,0.659340659
NaiveBayesClassifier,1step,ngram3,negtnTrue,Pos,0.684385382,0.668831169
NaiveBayesClassifier,1step,ngram3,negtnTrue,Pos,0.686666667,0.651898734
NaiveBayesClassifier,1step,ngram3,negtnTrue,Pos,0.62541806,0.656140351
NaiveBayesClassifier,1step,ngram3,negtnTrue,Pos,0.64495114,0.673469388
NaiveBayesClassifier,1step,ngram3,negtnTrue,Pos,0.698961938,0.696551724
NaiveBayesClassifier,1step,ngram3,negtnTrue,Pos,0.704697987,0.675241158
NaiveBayesClassifier,2step,ngram1,negtnFalse,Pos,0.604026846,0.659340659
NaiveBayesClassifier,2step,ngram1,negtnFalse,Pos,0.604026846,0.659340659
NaiveBayesClassifier,2step,ngram1,negtnFalse,Pos,0.604026846,0.659340659
NaiveBayesClassifier,2step,ngram1,negtnFalse,Pos,0.604026846,0.659340659
NaiveBayesClassifier,2step,ngram1,negtnFalse,Pos,0.604026846,0.659340659
NaiveBayesClassifier,2step,ngram1,negtnFalse,Pos,0.604026846,0.659340659
NaiveBayesClassifier,2step,ngram1,negtnFalse,Pos,0.604026846,0.659340659
NaiveBayesClassifier,2step,ngram1,negtnFalse,Pos,0.604026846,0.659340659
NaiveBayesClassifier,2step,ngram1,negtnFalse,Pos,0.604026846,0.659340659
NaiveBayesClassifier,2step,ngram1,negtnFalse,Pos,0.604026846,0.659340659
NaiveBayesClassifier,2step,ngram1,negtnTrue,Pos,0.627516779,0.656140351
NaiveBayesClassifier,2step,ngram1,negtnTrue,Pos,0.627516779,0.656140351
NaiveBayesClassifier,2step,ngram1,negtnTrue,Pos,0.627516779,0.656140351
NaiveBayesClassifier,2step,ngram1,negtnTrue,Pos,0.627516779,0.656140351
NaiveBayesClassifier,2step,ngram1,negtnTrue,Pos,0.627516779,0.656140351
NaiveBayesClassifier,2step,ngram1,negtnTrue,Pos,0.627516779,0.656140351
NaiveBayesClassifier,2step,ngram1,negtnTrue,Pos,0.627516779,0.656140351
NaiveBayesClassifier,2step,ngram1,negtnTrue,Pos,0.627516779,0.656140351
NaiveBayesClassifier,2step,ngram1,negtnTrue,Pos,0.627516779,0.656140351
NaiveBayesClassifier,2step,ngram1,negtnTrue,Pos,0.627516779,0.656140351
NaiveBayesClassifier,2step,ngram3,negtnFalse,Pos,0.634228188,0.679856115
NaiveBayesClassifier,2step,ngram3,negtnFalse,Pos,0.634228188,0.679856115
NaiveBayesClassifier,2step,ngram3,negtnFalse,Pos,0.634228188,0.679856115
NaiveBayesClassifier,2step,ngram3,negtnFalse,Pos,0.634228188,0.679856115
NaiveBayesClassifier,2step,ngram3,negtnFalse,Pos,0.634228188,0.679856115
NaiveBayesClassifier,2step,ngram3,negtnFalse,Pos,0.634228188,0.679856115
NaiveBayesClassifier,2step,ngram3,negtnFalse,Pos,0.634228188,0.679856115
NaiveBayesClassifier,2step,ngram3,negtnFalse,Pos,0.634228188,0.679856115
NaiveBayesClassifier,2step,ngram3,negtnFalse,Pos,0.634228188,0.679856115
NaiveBayesClassifier,2step,ngram3,negtnFalse,Pos,0.634228188,0.679856115
NaiveBayesClassifier,2step,ngram3,negtnTrue,Pos,0.644295302,0.683274021
NaiveBayesClassifier,2step,ngram3,negtnTrue,Pos,0.644295302,0.683274021
NaiveBayesClassifier,2step,ngram3,negtnTrue,Pos,0.644295302,0.683274021
NaiveBayesClassifier,2step,ngram3,negtnTrue,Pos,0.644295302,0.683274021
NaiveBayesClassifier,2step,ngram3,negtnTrue,Pos,0.644295302,0.683274021
NaiveBayesClassifier,2step,ngram3,negtnTrue,Pos,0.644295302,0.683274021
NaiveBayesClassifier,2step,ngram3,negtnTrue,Pos,0.644295302,0.683274021
NaiveBayesClassifier,2step,ngram3,negtnTrue,Pos,0.644295302,0.683274021
NaiveBayesClassifier,2step,ngram3,negtnTrue,Pos,0.644295302,0.683274021
NaiveBayesClassifier,2step,ngram3,negtnTrue,Pos,0.644295302,0.683274021